	KPSS	signal	gross	net	market
0	0.1402204248473343	0.0	0.0	0.0	1.745570720723677e-05
1	0.1306653235965184	0.0	0.0	0.0	0.002148376881724312
2	0.13544177918454128	0.0	-0.0	-0.0	0.0020846350796801527
3	0.1218676147654572	0.0	0.0	0.0	0.004636432770241061
4	0.11076590367241403	0.0	0.0	0.0	0.0010474599539205265
5	0.11310318223616654	0.0	0.0	0.0	-0.006067494393846573
6	0.22586821856933853	0.0	0.0	0.0	0.0034778715639784963
7	0.2030160712251404	0.0	0.0	0.0	3.8123067008344336e-05
8	0.1831689572299386	0.0	0.0	0.0	0.006609324208602496
9	0.15672156163605852	0.0	0.0	0.0	-0.0006293691084816588
10	0.13455707504554962	0.0	0.0	0.0	0.0005093580038946222
11	0.08405016583516595	0.0	0.0	0.0	-0.0022738117853239315
12	0.06397987974939667	-1.0	-0.0003267644543513074	-0.0003535714382086837	0.0015790922795098083
13	0.09345311240138156	-1.0	-0.0006116263724216158	-0.0006297239184935219	0.001012017561471401
14	0.16811643257456776	-1.0	-0.005129262822959357	-0.005141092172449379	0.008841205788409079
15	0.1333795315916835	0.0	-0.0	-5.518352358093433e-05	-0.002191763174733685
16	0.04765572193126938	0.0	-0.0	-0.0	-0.0003689736527457965
17	0.05576151588375285	0.0	0.0	0.0	0.0046852921407636305
18	0.06891183091711048	0.0	0.0	0.0	0.001071522174355355
19	0.10064328746301321	0.0	0.0	0.0	0.0009514170090862972
20	0.1398963711598943	0.0	-0.0	-0.0	-0.007502163081421376
21	0.182101716193562	0.0	-0.0	-0.0	-0.0021239857917741967
22	0.2048217115299377	0.0	0.0	0.0	0.009638279380647763
23	0.2170466424858371	0.0	0.0	0.0	-0.004470988428756373
24	0.2460391311532317	0.0	0.0	0.0	-0.016511651392423388
25	0.2358640187871748	0.0	0.0	0.0	-0.0016054253132695706
26	0.22504147895877674	0.0	0.0	0.0	-0.0030214249424966866
27	0.20426126537751704	0.0	0.0	0.0	0.0037202972597878414
28	0.1606526890247502	0.0	0.0	0.0	-0.02413055719884427
29	0.14634737784490065	0.0	0.0	0.0	0.008015944543135589
30	0.13302230842741292	0.0	0.0	0.0	0.00583897507464215
31	0.0883274749088889	0.0	0.0	0.0	0.008895287120600504
32	0.097420207143529	0.0	0.0	0.0	-0.005837333350761975
33	0.3160072372481986	-1.0	-0.001155390666325915	-0.0012826176888018595	-0.0067493779153879885
34	0.25407483179226387	-1.0	0.0024831690672389374	0.0024799824962686897	0.008495835590448308
35	0.1533582789755832	-1.0	0.006326730587159294	0.006322253884944427	-0.0028243962306494508
36	0.1155138513868457	0.0	-0.0	-0.00013285992609522688	-0.01191414994527018
37	0.10811164453665352	0.0	0.0	0.0	0.0013535590072402126
38	0.1462094478013974	0.0	0.0	0.0	-0.008375676922946718
39	0.21076307400173588	0.0	0.0	0.0	-0.0069119122568113145
40	0.24374369597033047	0.0	0.0	0.0	0.0020984713906617714
41	0.203313893450299	0.0	0.0	0.0	-0.01319537280847849
42	0.21550161060542655	0.0	0.0	0.0	-0.0027652403144732274
43	0.25628339005547873	0.0	0.0	0.0	0.021432370568193138
44	0.31522537736646206	0.0	0.0	0.0	0.008161854781411959
45	0.3484592223072127	0.0	0.0	0.0	0.006135586748687638
46	0.2875876572621092	-1.0	-0.003508026094791951	-0.00357949008713627	0.01049769746289475
47	0.18984053904932388	-1.0	-0.0011445301035478044	-0.001148963256032042	0.0046600444669098184
48	0.15626125177502992	-1.0	0.0006019887444029084	0.0005952009992155927	-0.00034988023558091275
49	0.1997583393493005	-1.0	0.002342635634391598	0.002336163224917288	-0.0020375791387226005
50	0.23613611622171876	-1.0	-0.0002977695994134343	-0.00030113390665120526	0.004097381912668174
51	0.25788090415767556	-1.0	0.0018187102779385167	0.0018119636488858875	-0.001611511904139773
52	0.3203309013219207	0.0	0.0	-6.724415023622732e-05	0.0009317492412306283
53	0.3075802486483614	0.0	0.0	0.0	0.009717399870633026
54	0.2930220854652025	0.0	0.0	0.0	0.002985163546397107
55	0.23315206801552527	0.0	0.0	0.0	0.009472185190685156
56	0.16079061031289704	0.0	0.0	0.0	-0.0012592227925193322
57	0.10494419465336406	0.0	0.0	0.0	-0.0017318870104667816
58	0.08677142290382472	0.0	0.0	0.0	-0.009496397343734198
59	0.08616925532318369	0.0	0.0	0.0	-0.0012339337557076835
60	0.09744931243290013	0.0	0.0	0.0	0.003823175554131808
61	0.12226245079898512	0.0	0.0	0.0	0.0057574526279098315
62	0.208030994152399	0.0	0.0	0.0	0.007672301032188189
63	0.2875878565563225	0.0	0.0	0.0	0.002928125887423194
64	0.3132191587349882	0.0	0.0	0.0	0.007672378673070135
65	0.256058916632127	-1.0	0.003943225576543589	0.0038164741428587173	-0.00180590159841032
66	0.13158671036379846	-1.0	-7.809467821524819e-05	-9.839437431284716e-05	-0.004835444424841517
67	0.08634872063921492	0.0	0.0	-0.00010645173758727239	0.0012365569653400854
68	0.08690729708129444	-1.0	-0.004941756786676533	-0.005032762894254105	0.0045106896075925995
69	0.07966379911140785	1.0	-0.0025223405909854855	-0.0027082904449120056	0.002285226738359958
70	0.08343447904046546	1.0	-0.004265599201890424	-0.004277142690793443	0.004620174547884881
71	0.11117019615835742	-1.0	-0.0029499570543273105	-0.0031706179536290726	0.00017586919155743175
72	0.12075271375667426	-1.0	0.0013897345396903752	0.0013840109047672917	-0.003403778522185874
73	0.15265246645065536	-1.0	0.004444793674836543	0.004438340071279672	-0.006531243569450895
74	0.1757971902169507	1.0	0.0020677762092070873	0.0018483693086760779	0.003581997784064761
75	0.15406345024671836	1.0	-0.002552180089655274	-0.0025836775941622983	-0.00617673452276668
76	0.16217738656007716	1.0	0.0033398443311478533	0.0033318798849717095	0.002828694915066654
77	0.1250428485812361	-1.0	0.054875525970909125	0.05459448611736317	0.006847482673755456
78	0.15583284795199714	0.0	0.0	-0.00015031337406546026	0.004688147952890187
79	0.13704039289773126	0.0	0.0	0.0	-0.005262401280453521
80	0.17836102474017898	-1.0	1.5215913855323726e-05	-0.0002325117544355045	0.007387691099234761
81	0.2188357683230249	1.0	0.006421393255312139	0.005940639361515247	-0.0016161146071345112
82	0.16000913587811985	1.0	-0.006556563073570744	-0.006591981523869403	-0.0025786549148275606
83	0.11225957484205887	1.0	-0.010025103553356222	-0.010042814496511421	-0.010885526112695776
84	0.08231194856430246	-1.0	-0.0054691988745676715	-0.006049226353248176	-0.00899879386967306
85	0.05339961613527377	-1.0	-0.0027898468806456175	-0.002805036587034032	-0.007282739927037873
86	0.06646951484385094	-1.0	0.03556288680961641	0.035532628160306834	-0.0297778200029859
87	0.09426628455193481	-1.0	-0.015380857361469652	-0.01541865519932399	0.013017017169932643
88	0.15426227089856775	-1.0	0.006290582557511384	0.00621414102359932	0.0007668762331907164
89	0.1871157461412715	0.0	0.0	-0.00018704316203427634	0.018762303409984193
90	0.16707266622669686	0.0	0.0	0.0	-0.00661660635492356
91	0.13219915127613824	0.0	0.0	0.0	-0.012317322177972212
92	0.12339771099313263	0.0	0.0	0.0	0.015131688322181258
93	0.12045806188779899	0.0	0.0	0.0	-0.029292752911742603
94	0.11949737340743079	0.0	0.0	0.0	0.0024642680276520945
95	0.11978254315596848	1.0	-0.0014915189981559327	-0.0016305776863986563	0.014426124657807904
96	0.13454900010276258	1.0	0.0007731178629679968	0.0007675219600927317	0.012105865492430645
97	0.19181064653115237	1.0	0.007383835104375455	0.00737640038996976	-0.007914727601131322
98	0.21955269181029846	0.0	0.0	-0.00013721987671229315	0.00824679859557964
99	0.1302628180742679	0.0	0.0	0.0	-0.0005060748601761755
100	0.10999954195947834	0.0	0.0	0.0	-0.025946336754618105
101	0.1516753371336555	0.0	0.0	0.0	0.010982987735216332
102	0.1365092517533488	0.0	0.0	0.0	-0.003203180635808267
103	0.16807676900471763	0.0	0.0	0.0	0.006545480165679685
104	0.17922876785353484	0.0	0.0	0.0	0.012687291793508804
105	0.1992600465757816	0.0	0.0	0.0	0.0006427872591217021
106	0.20064129255313667	0.0	0.0	0.0	-0.00689910050906084
107	0.1626784491265843	0.0	0.0	0.0	0.010842079212828093
108	0.11811808324944893	0.0	0.0	0.0	0.013009813642266721
109	0.07262471517315808	0.0	0.0	0.0	0.0009106051537297599
110	0.054677577904667006	0.0	0.0	0.0	-9.401025965849463e-05
111	0.0750095644218737	0.0	0.0	0.0	0.0003223043548219451
112	0.14109250769943724	0.0	0.0	0.0	0.007229681189480308
113	0.2003761092129529	0.0	0.0	0.0	0.002879153101061016
114	0.20665297889857664	0.0	0.0	0.0	-0.0007244143620946941
115	0.1813710346123611	0.0	0.0	0.0	-0.0031355866640028207
116	0.18788719015243782	0.0	0.0	0.0	0.0025817523700197853
117	0.21429416062656154	0.0	0.0	0.0	0.00034269198975556137
118	0.23726437532692993	0.0	-0.0	-0.0	1.997472142156731e-05
119	0.28301680632817044	0.0	0.0	0.0	-0.0048955765157830955
120	0.23248848141185835	0.0	0.0	0.0	-9.693591923765066e-05
121	0.23449591045619578	0.0	-0.0	-0.0	-0.008416371322106486
122	0.22833358277323668	0.0	0.0	0.0	0.006158571742003405
123	0.25363417167970614	0.0	0.0	0.0	-0.002428916406865711
124	0.27713260056766326	0.0	0.0	0.0	-0.005316352490240539
125	0.2665118669422466	0.0	0.0	0.0	0.005047606675254723
126	0.27348725335367796	0.0	0.0	0.0	-0.012258373372913245
127	0.16946523643677686	0.0	0.0	0.0	-0.017903202985502964
128	0.1432952628010021	0.0	0.0	0.0	0.00797191259701524
129	0.16916951761203064	-1.0	-0.002629994853661095	-0.0027200740191232744	0.014216897585460186
130	0.1661202070653216	1.0	0.000934958060136144	0.0006460444373214893	-0.004478294673592398
131	0.07135333420182784	0.0	0.0	-0.00019883445735247523	-0.015560819201407838
132	0.030937773150353468	0.0	0.0	0.0	0.0091044925499415
133	0.03339740713243006	0.0	0.0	0.0	0.006415695380997066
134	0.0431528731879336	0.0	0.0	0.0	0.010938977513132997
135	0.036057946273456536	0.0	-0.0	-0.0	-0.0013871187334510982
136	0.041974491881971755	0.0	-0.0	-0.0	0.009955676641137279
137	0.06428858746598325	0.0	0.0	0.0	-0.0019995427986508885
138	0.07411985841620163	0.0	0.0	0.0	0.0027628315736780706
139	0.09604751248265088	0.0	-0.0	-0.0	-0.003919344949506964
140	0.09594736401994093	0.0	0.0	0.0	0.006871616056117524
141	0.07249352408175526	0.0	0.0	0.0	-0.003568666378412577
142	0.06427175683602455	0.0	0.0	0.0	0.0028471487971184484
143	0.068152234385821	0.0	0.0	0.0	0.0019204463587332299
144	0.055436015342149814	0.0	0.0	0.0	0.004072700506109195
145	0.06606177698236719	0.0	0.0	0.0	0.005581337868471481
146	0.05663626018499825	0.0	0.0	0.0	-0.0008324053147991117
147	0.06696127023868496	0.0	0.0	0.0	0.00325337015914573
148	0.06387482132389408	0.0	0.0	0.0	-0.0030228605633046968
149	0.059219039792053396	0.0	0.0	0.0	0.009662312168146059
150	0.10688086156451977	0.0	0.0	0.0	0.003704089049704651
151	0.1029467690941614	-1.0	-0.0037327170588789217	-0.0037638707460486208	-0.001185699214361291
152	0.09779082785322822	-1.0	0.0013951666603969183	0.0013688936744812579	0.0007024972279667807
153	0.2015042643186812	-1.0	-0.003398474144114933	-0.0034402129572870433	0.0027300951851503275
154	0.2543587385856193	-1.0	-0.0006599787837523422	-0.0006896205841730853	0.0025606760900243053
155	0.26686583634205485	-1.0	-0.0022114996576655544	-0.0022154642682177725	-0.0019624672514313435
156	0.2082772031142603	-1.0	-0.0014503167823056058	-0.001456087240954441	0.0015646460846321375
157	0.11391788401884961	0.0	0.0	-9.56110331400923e-05	0.0007115345908383919
158	0.08482708247594134	0.0	0.0	0.0	0.0008370427393644686
159	0.10383490163095473	0.0	0.0	0.0	0.007695488006902673
160	0.16571864205384063	0.0	0.0	0.0	0.0005031528617669423
161	0.26451714077032845	0.0	0.0	0.0	-0.0005925944462060739
162	0.20331768625294597	0.0	0.0	0.0	-0.003756184245747196
163	0.16982475005746828	0.0	-0.0	-0.0	-0.0015827522106851566
164	0.2390588682658923	0.0	-0.0	-0.0	0.0021749356911917594
165	0.2588528972489047	0.0	0.0	0.0	0.007507291353015866
166	0.2877044678923313	0.0	-0.0	-0.0	0.0021955703874654287
167	0.3268805964972696	0.0	-0.0	-0.0	0.004174424362754614
168	0.36308560939563295	0.0	0.0	0.0	-0.004011219709926239
169	0.3799371653889174	0.0	-0.0	-0.0	-0.008631020716408422
170	0.35143920102845455	-1.0	-0.00032045440436305293	-0.00034495054849619037	-0.00663809511563529
171	0.3065455256897418	-1.0	0.0019501274784696535	0.0019435158235906176	0.00632356747139462
172	0.22021325144464732	-1.0	-0.000532072972258248	-0.0005655874249080904	0.0015002511791302187
173	0.17159618616587713	-1.0	0.000890695383529903	0.0008713276767217585	0.009135724328457329
174	0.1530100775450585	-1.0	-0.002604879200588991	-0.0026063734179377325	-0.00316282139344648
175	0.17365717353146434	-1.0	-0.0016531762738363539	-0.0016710218357795352	-0.0010969340964486207
176	0.22253813273488438	-1.0	0.00010736399784080247	9.550738105319092e-05	0.002908158040315856
177	0.2576984342249569	-1.0	0.0017867509490389864	0.0017838415347896518	0.008575225775086182
178	0.29242667136858946	-1.0	0.0014431237662822164	0.001439454206006469	7.258178414493166e-05
179	0.30450119108170165	-1.0	0.0017303957952722068	0.001721265477933043	0.007147785279833618
180	0.3094916745065055	0.0	-0.0	-7.624969787975047e-05	0.00033529222633799094
181	0.24768462652354978	0.0	0.0	0.0	-0.00043230017186479675
182	0.1470512748698607	0.0	0.0	0.0	0.004459292004863613
183	0.13496330128729542	0.0	0.0	0.0	0.004944781081796634
184	0.13110245990972916	0.0	0.0	0.0	0.0008661436002121992
185	0.16396720260679548	0.0	0.0	0.0	-0.00019544819997963092
186	0.2248132778745688	0.0	-0.0	-0.0	0.005128166675301138
187	0.2867164395687385	0.0	0.0	0.0	3.398471712534601e-05
188	0.32202093619932937	0.0	0.0	0.0	-0.005780822450430323
189	0.3248308211157435	0.0	-0.0	-0.0	0.0029460216619106028
190	0.2976906569084003	0.0	0.0	0.0	0.008378802677341701
191	0.23833196478559937	1.0	0.0024398518865879903	0.002311892881129833	-0.007059870562045378
192	0.1471647739720351	1.0	0.002430657570782818	0.0024081135371168743	0.0035333728907271933
193	0.08669085950673754	-1.0	0.00643363076095862	0.006246185289488584	-0.0028032386528962228
194	0.09635782072739958	-1.0	-0.002221113699696604	-0.002223456560583765	0.004902451368978156
195	0.16466849925759686	-1.0	0.005897251106211468	0.00588515673795031	0.006655262605488987
196	0.24334366319242404	-1.0	0.002474062924392244	0.002462219071535701	-0.002855178689662563
197	0.2438686511709879	0.0	0.0	-9.612313390848234e-05	0.006976215252569862
198	0.20385039928217985	1.0	0.0022549414271042173	0.0021583274821720035	-0.001514532772802224
199	0.12644829482763106	1.0	0.005906896829986004	0.0058735031186511015	0.0018701968845122874
200	0.1256761921854753	1.0	0.0011522355572664252	0.00114778772489304	0.00836655302646827
201	0.16259985086438003	1.0	0.008978877416598481	0.008951826321999852	0.003862162248501333
202	0.22432946005458274	1.0	0.0007395128831667037	0.0007219786781450732	-0.0026519776473655776
203	0.29274612364158326	-1.0	-0.0024144404227584727	-0.0026950167783704538	0.0002890760711180551
204	0.34368666388959124	-1.0	0.0011336035660982032	0.001119697536227309	0.0011409766124783616
205	0.3550502540491487	-1.0	0.001450145298151463	0.0014327154788132375	-0.009042160974207403
206	0.346079487529109	-1.0	0.0012135842302736471	0.0012114439758861776	-0.015730711659182384
207	0.33015546343323204	-1.0	-0.005516213120927737	-0.005522511684278197	0.010053584595046017
208	0.2913595889964451	-1.0	0.0022496243779279936	0.0022427083668220683	-0.0008668741908683941
209	0.2775098304493648	-1.0	0.011634486326335486	0.011612313331485711	0.003134358792605374
210	0.2638243950958378	0.0	0.0	-7.749975291643936e-05	-0.01770582037552626
211	0.17383513423944444	0.0	0.0	0.0	0.007254613892351713
212	0.15468995709819824	0.0	0.0	0.0	0.014980414164082134
213	0.17462106389267326	0.0	0.0	0.0	0.01125059589785371
214	0.2115385879465868	0.0	0.0	0.0	0.003325672876785646
215	0.2505704387736154	0.0	0.0	0.0	-0.005400853672730133
216	0.29213733583810353	0.0	0.0	0.0	0.007326397804890528
217	0.34257447549491193	0.0	0.0	0.0	0.0016884725532351208
218	0.31820129424520266	0.0	0.0	0.0	0.006462646466197652
219	0.25134696850503946	0.0	0.0	0.0	-0.0016304457368023773
220	0.1850797412938988	0.0	0.0	0.0	0.0018435333204338544
221	0.16263324630320825	0.0	0.0	0.0	-0.002919942636890105
222	0.19134028137605757	0.0	-0.0	-0.0	0.004705785881164548
223	0.2590317564129643	0.0	0.0	0.0	-0.00381551976362815
224	0.24443268681621053	0.0	0.0	0.0	-0.01051810302712286
225	0.21795948378999933	0.0	0.0	0.0	-0.03351362667122315
226	0.17806934582996417	0.0	0.0	0.0	-0.030279995565056117
227	0.17060032422848234	0.0	0.0	0.0	-0.0037785406053220116
228	0.21958550516241354	0.0	0.0	0.0	-0.04416324258407911
229	0.21583233914916675	0.0	0.0	0.0	-0.008238340444361891
230	0.08989103593032831	0.0	0.0	0.0	0.046039229006110016
231	0.17353138435396465	0.0	-0.0	-0.0	-0.028107896121075893
232	0.1662851815843372	0.0	0.0	0.0	0.04220259077449118
233	0.08638919236157612	0.0	0.0	0.0	-0.033922077046888544
234	0.09116921784281863	0.0	0.0	0.0	-0.01705385200037013
235	0.09423471233384398	-1.0	-0.004082342892925216	-0.004253242923536316	-0.07596969747745097
236	0.07609191352776755	-1.0	0.0004083944841307731	0.0004063086422104815	0.04939630628156144
237	0.12848721876025176	-1.0	0.007946310855497352	0.007937866407738588	-0.048868445131273974
238	0.1842474061083921	-1.0	0.02187432581829768	0.021869264047402394	-0.09511268097833658
239	0.21112517554061364	1.0	0.0587511234859671	0.05843623955950822	0.09287124972971839
240	0.0971904023495953	-1.0	0.04160886177549618	0.041272884153863536	-0.11984055240393443
241	0.07546503029547992	1.0	0.061813349434592366	0.06146029575132032	0.05995484974402432
242	0.0395423977692663	-1.0	-0.009577142445129944	-0.009914910379388393	-0.051830762729157875
243	0.04009315055094557	-1.0	-0.04807086458574013	-0.04807873489149655	0.0047078080405855705
244	0.052721436002206	0.0	0.0	-0.00017271132977061515	-0.04335951230846191
245	0.07153379174116917	1.0	0.02786767483935689	0.027697743408489153	-0.02929386782180443
246	0.04172799329023245	1.0	0.004625500878316334	0.004619768590540506	0.09382773976227554
247	0.03591595547329009	-1.0	0.06580911494376343	0.06545819424820289	0.011535011448221999
248	0.03796983510204968	0.0	0.0	-0.00017525697691697732	0.062414163303876835
249	0.032802075649447274	-1.0	-0.03526301744085573	-0.03543686624252472	-0.033687352562252526
250	0.03239522628465344	-1.0	0.021750165868657	0.021747469332662382	0.03351600948370015
251	0.05026149023873638	-1.0	0.01481664728243666	0.014815264428536359	-0.016012721914555605
252	0.09408902583780902	-1.0	-0.03691096292488067	-0.03691228866484869	-0.04414243033166543
253	0.10098554097497074	-1.0	0.008076299831699975	0.008074918300500809	0.02282934723487151
254	0.12384696564321718	-1.0	-0.007119008793512708	-0.0071220689706644035	-0.015137125124949469
255	0.15811586234629232	-1.0	0.0266462245085484	0.026643585502888423	0.07033131865275055
256	0.19420813226949404	-1.0	0.000385866706960124	0.0003856552367051823	-0.0016030527844311804
257	0.24800673201483353	-1.0	0.016536010602293302	0.01653353205547646	0.03405645287963033
258	0.29175700210637967	-1.0	0.01994609166550253	0.019944477405471995	0.014487410153376512
259	0.32423872917012786	1.0	0.02833339326284834	0.02796886883996947	-0.010104660822607414
260	0.33001118481960545	1.0	-0.0005529808535357714	-0.000559751727991332	0.030572589146256046
261	0.2712322184868743	1.0	0.0076698090666738085	0.007663675827034589	-0.022030438529415775
262	0.188930416667889	0.0	0.0	-0.0001803421423675785	0.005816689462164515
263	0.07907396208699247	-1.0	0.005684308688203835	0.005485097624634805	0.026793594848223412
264	0.05229698102575802	-1.0	-0.008582698779922397	-0.008584853074789192	-0.01788104803401469
265	0.08244606435137584	-1.0	0.0035621923738402943	0.0035600635372515094	-0.030674795694063395
266	0.11489950189774806	-1.0	-0.006886817044935391	-0.006914660187117526	0.022930247703843776
267	0.16147851056348858	-1.0	0.005568760461559725	0.005561627572817261	-0.0005394221197431159
268	0.181100350731686	-1.0	-0.02729129717606652	-0.02730612264966899	0.013918057304545428
269	0.24022545275170212	-1.0	0.024139781885553838	0.02413751698928038	0.014714069804799612
270	0.292682990118633	-1.0	-0.015400584290245907	-0.015404694690271014	-0.005242380698498916
271	0.30483903078026175	-1.0	0.03079189468194971	0.0307819105067764	0.026583916282167053
272	0.29158980998825423	0.0	0.0	-0.00019658780512364887	-0.009212446303987654
273	0.2597370194862638	0.0	0.0	0.0	-0.028059034078492195
274	0.25329174329639886	0.0	0.0	0.0	0.004249827591976452
275	0.2119869747199256	-1.0	-0.0011416577362664245	-0.0013084181111138967	0.009040556385797371
276	0.18129895961131368	-1.0	-0.004467117083174161	-0.004474027195530111	-0.006979410390386298
277	0.16910403708346897	1.0	0.008107430995854314	0.007763732426752479	0.011504630788313985
278	0.17003916081991938	1.0	-0.005857870162248591	-0.005858728690461231	0.016871538638701944
279	0.1373416961171478	-1.0	-0.010650370016154478	-0.010992167259925934	0.00013307822091168653
280	0.09331859023549759	-1.0	-0.0023825039353199424	-0.002386793299276091	-0.020500317528877154
281	0.07224999221959169	-1.0	-0.01537101580389165	-0.015378989731238456	-0.01746272460422804
282	0.1321998162705696	-1.0	-0.0039710481077735145	-0.0040002394781901264	0.01152482269503552
283	0.16004656635614914	-1.0	-0.021902887785968456	-0.021912141358053933	0.0039263632504382695
284	0.176624102323982	0.0	-0.0	-0.0001292786394150149	0.03150119163168075
285	0.14657135304045868	-1.0	0.015612770022954166	0.01548754981692229	-0.010484399194493177
286	0.10507254912750358	-1.0	0.014442997540361671	0.014424541102029531	0.01665110025908012
287	0.0890417313570453	-1.0	0.0009976699680091135	0.0009922344871500944	-0.007773596407737116
288	0.09339125680659412	-1.0	-0.0027717895337091374	-0.00278581978414022	0.002353711326488428
289	0.09976268865171202	-1.0	0.011988698750603684	0.011987841207063466	0.012289184036080147
290	0.15987330183143147	1.0	0.00427710319481322	0.004044369219462248	0.014827297215913804
291	0.2065157433238499	1.0	0.00841599564832886	0.008412903534758565	-0.0021079145460738413
292	0.2615201080787579	-1.0	0.0028104810745960204	0.0025836635357848097	0.004812335824971425
293	0.07184993513530015	1.0	0.00796936766591753	0.007714826653025163	0.003751234813537785
294	0.08871282791347745	1.0	-0.001739032142038779	-0.0017458818137510465	0.008210832780053412
295	0.1447884500213397	1.0	-0.005706904004285391	-0.005735044859727537	0.013648979133831007
296	0.12343478787544986	1.0	-0.010794798522954379	-0.010796652007269337	-0.0033687022311144066
297	0.13161034234273183	1.0	0.008862679653483897	0.008858616886381216	0.026211650818398713
298	0.1364816149866383	1.0	-0.00709089207302868	-0.007094699340379875	0.012041579421169235
299	0.1937354965047942	1.0	0.01282362446181095	0.012819484141236938	-0.007799170822611612
300	0.2679214903182718	1.0	0.011910803648454036	0.01189954704575498	-0.0053130910724373814
301	0.26511087470601896	1.0	-0.03500649223331764	-0.03501090076581433	-0.05894405927443824
302	0.2667615863676898	1.0	0.008806053086573106	0.008790259648630576	0.013060843963234703
303	0.15360529535825776	-1.0	-0.004182986187737684	-0.004488185711628234	0.008312217041285264
304	0.1317329309700833	-1.0	-0.0045230416024720456	-0.004525715584829105	0.01896239819380252
305	0.12791196662216586	1.0	0.003105892669027376	0.0027652679016203405	-0.0036002995561740248
306	0.08602251595961924	-1.0	-0.0027060891666430727	-0.0030515504518006547	0.0005942198825281686
307	0.04643932554411637	-1.0	-0.00010250154337189746	-0.0001077903977782194	-0.005649494809462974
308	0.1002814748084716	-1.0	-0.001973492840938893	-0.0019791897547371635	0.006495095537691675
309	0.1750077593726054	-1.0	-0.003932761008924853	-0.0039340510474046375	0.004307419569164139
310	0.20556972782314173	-1.0	0.000867462790529832	0.0008663530316403136	-0.025855145939064572
311	0.12823322784032298	-1.0	-0.0108101872780965	-0.010814449731120718	0.010959447267809841
312	0.05312343585112003	-1.0	-0.0003294944197719252	-0.0003343715803289592	-0.024226905044785974
313	0.04565984594203116	1.0	0.004939631462117233	0.004607810270346569	0.014685678433118632
314	0.04539636422411562	-1.0	-0.004429062508582252	-0.0047660474477212115	0.015409875731554612
315	0.048802068769122624	-1.0	0.001348401507842476	0.0013467079969908936	0.005022132820864389
316	0.04745417070442862	-1.0	-0.0029088367114454283	-0.0029098436102470665	0.004541250844364075
317	0.05826407178733493	-1.0	0.0020106830417838555	0.002007712502401884	0.01588172586745884
318	0.07676888933943335	-1.0	-0.0023734689568268774	-0.0023740838107564224	-0.010818532028197159
319	0.11862312258916927	1.0	0.007038552706392259	0.006697063953738923	0.007827461915415501
320	0.13205815878827362	1.0	0.0071129779623037865	0.007108983465146542	-0.005643606159361103
321	0.13804182041249646	0.0	0.0	-0.00016745951310789505	0.01046620127324438
322	0.10615584403715886	1.0	0.0016458580932302983	0.0014766328921071198	-0.009362541127788226
323	0.14925948478727843	1.0	-0.0045789096276568735	-0.004586683975114865	0.013406370782667931
324	0.20987539839720512	1.0	-0.019407517152681113	-0.019416311311915353	0.009082050740923053
325	0.2909170111763228	1.0	0.004468008550086147	0.004464614471989428	-0.0034061012455366413
326	0.3196710367058177	1.0	-0.002591748019560327	-0.002599307640844363	0.002848612194617406
327	0.3168327478875395	1.0	-0.0025627948459585187	-0.002563153061452051	0.0084069387471426
328	0.33057763824967207	1.0	-0.003657165473628767	-0.0036585505209671366	0.0016790373419135474
329	0.3533888802664914	1.0	-0.003440595706784965	-0.0034544613882266486	0.005747082068739751
330	0.39192951194582953	1.0	0.009037819242404418	0.009036172421669994	-0.012319859824193036
331	0.4182125193264337	1.0	-0.009052325229206364	-0.009056471927696451	-0.006190400054688405
332	0.3893207001527692	1.0	0.010549788685992743	0.010536699219680711	0.007395138795039502
333	0.34455423493188186	0.0	0.0	-0.00013017145517491384	-0.006473392152297919
334	0.26026169647967046	0.0	0.0	0.0	0.01242838167815008
335	0.18171687400876627	-1.0	-0.00012127596903543816	-0.00020026632826141279	-0.003750251937389204
336	0.1661415261904024	-1.0	-0.0011359726989336352	-0.0011451462186693763	0.007670504990141325
337	0.19991355213153317	-1.0	0.0011967316917030333	0.0011920008600776759	0.00718102343932614
338	0.26323649399012744	-1.0	-0.0019128125091368681	-0.0019195920319280144	0.0036119303819721615
339	0.3288498155386463	-1.0	0.005179097633303529	0.005166946411852608	0.006429743053199433
340	0.3945576667278878	0.0	-0.0	-5.5616926873523134e-05	0.00642769555966427
341	0.3848307847622876	0.0	0.0	0.0	0.0006330295486443038
342	0.32270753183532974	0.0	-0.0	-0.0	0.002742218294476073
343	0.278027391822278	0.0	0.0	0.0	-0.007969132154236114
344	0.22600029957297157	1.0	0.0061487807053073815	0.006112045765560284	0.013996549490237653
345	0.18626384068029547	1.0	7.971225508124349e-05	6.070681271160831e-05	-0.002047174350497949
346	0.18371480857965367	1.0	-0.0007843966280994058	-0.0008215466109788153	-0.00017188262276812694
347	0.1868724623776973	1.0	0.0014411606546633475	0.0014381215660732628	0.0027098425110787527
348	0.20776882961836748	1.0	-0.0010312131753715769	-0.001032800814136408	0.002303389154016955
349	0.2213511095910851	1.0	0.005588783792666452	0.005566657385449428	-0.0044043954214108005
350	0.2823012454546775	1.0	0.000544102397312708	0.0005430951382780813	0.0031586327691348615
351	0.1281032637385626	1.0	0.00015510563954785727	0.0001491963832103906	0.0034411070444764214
352	0.10690922383114385	1.0	-0.007776514505475049	-0.007804383224316655	0.010043718303008653
353	0.10804520720100466	-1.0	1.6364812473343426e-05	-0.00017119142519225725	0.0035963511532906
354	0.15050336891498456	0.0	0.0	-9.755359370431945e-05	0.010195626139483993
355	0.13308267698343526	1.0	-0.001232858049035362	-0.001347392768857444	0.0016730440109038458
356	0.16526635046432872	-1.0	0.018945906089305495	0.018693534208408552	0.00673256535528588
357	0.21284254030562724	-1.0	-0.005435608505721354	-0.005445591196382558	-0.0021949627140287475
358	0.22482469600407415	-1.0	-0.0022139438030665207	-0.00225279627472663	0.007525003016613407
359	0.18489360542381847	0.0	0.0	-0.00017670442769624688	0.015365910154807594
360	0.12584752127386664	0.0	0.0	0.0	-0.03512584371534122
361	0.19120414631575336	1.0	-0.019711104500934877	-0.01997446102075068	-0.008133027264274895
362	0.25972297618543516	1.0	0.0018948424665759453	0.001784256888923579	-0.027756342102360998
363	0.23085259540253633	1.0	0.0018271549491708254	0.001820380223288376	0.02014498633677464
364	0.21440367006837543	1.0	-0.009896915966855714	-0.00990694685056727	-0.01758479659017942
365	0.2002481876252412	1.0	-0.010818569601791284	-0.010824822385556878	0.0005330721905940639
366	0.19777279422287936	1.0	0.0034684648153455733	0.003463681559661413	0.012741829089357504
367	0.23555506795657388	1.0	-0.010462590642894558	-0.01046351096212806	0.005219359577689042
368	0.2605081054377985	1.0	0.0007241059726062777	0.0007194029563510343	-0.004618946596211537
369	0.2787193680800349	1.0	-0.005306158045953135	-0.0053084931189822035	-0.008412365876402483
370	0.3007921745765185	-1.0	0.007277303284366019	0.0069959757623627656	-0.011182581807410497
371	0.3270958459054219	-1.0	-0.018867972130610013	-0.018870443405878932	-0.011571097930805796
372	0.3149421900540199	-1.0	0.004197315100903499	0.00419600680019075	0.010517945160813724
373	0.3024115686077156	-1.0	-0.015223003343077418	-0.015231609402473426	-0.023721455093028143
374	0.282197189427308	-1.0	0.004263944694542041	0.004262376926566697	0.0029874591429570607
375	0.2813618854462598	-1.0	-0.011759786042278212	-0.01177235194639777	0.0159767237756141
376	0.28360626949262785	-1.0	-0.01953536719035947	-0.01953809113266727	0.016110590199083896
377	0.29146071504081933	-1.0	-0.0006748951620368961	-0.00068284857496845	-0.0048126645432444715
378	0.31405317716627856	-1.0	-0.0003096448966590738	-0.00032213738576176705	0.008253718228220741
379	0.36478621716817233	-1.0	-0.01428656096388085	-0.014287016900474726	0.005292907769290922
380	0.4182805466441451	0.0	-0.0	-0.0001488552472910832	-0.009577652178616392
381	0.42575807733782167	-1.0	0.0008991547596074094	0.000759763005647038	0.01797270867614209
382	0.36827677189076535	1.0	-0.00343290006498867	-0.0037266614622740537	-0.013973515692226712
383	0.31863249474776145	0.0	0.0	-0.00015436964332501228	0.01739675486921799
384	0.2631173261603408	0.0	0.0	0.0	0.008010123642494982
385	0.27400001309181826	1.0	-0.0027539162915879893	-0.002898968492687717	0.00879353312061526
386	0.2735025115462892	1.0	0.015421308485889247	0.015410518278065452	0.01641581296364758
387	0.3231540159509218	1.0	0.020693128905422076	0.020691711987073494	-0.006306918994084421
388	0.3591472922546112	1.0	-0.0036343512659734543	-0.0036421974519268967	-0.006623141753502759
389	0.3653469363771597	1.0	-0.003781802756293011	-0.0037867982467385325	-0.0015277553060997207
390	0.32727807739920717	1.0	0.0009514503661919081	0.0009497898811793677	0.00013491955745537076
391	0.2675523402922857	0.0	0.0	-0.00015964188006732278	-0.016329861778318078
392	0.20459743476259373	0.0	0.0	0.0	0.004727334073110212
393	0.15983116253077673	0.0	0.0	0.0	-0.0021956999281005363
394	0.13065462087042076	0.0	0.0	0.0	0.005218925396392127
395	0.11474720824384825	0.0	0.0	0.0	0.003445761353703114
396	0.10060787114937704	0.0	0.0	0.0	-0.018589516294535646
397	0.10830370236144657	0.0	0.0	0.0	-0.0030256189119989285
398	0.1354361102165287	0.0	0.0	0.0	-0.035287878760604796
399	0.14002109480174832	0.0	-0.0	-0.0	0.011947330894238384
400	0.13412999684593074	0.0	-0.0	-0.0	-0.012129550130175693
401	0.10600191031390896	0.0	0.0	0.0	0.01231820260127181
402	0.13510055620516348	0.0	0.0	0.0	0.01779929009643455
403	0.15061442597151078	0.0	0.0	0.0	0.02204704770168342
404	0.15931344747207402	0.0	0.0	0.0	0.01946019413896294
405	0.14865016401944495	0.0	0.0	0.0	-0.00028771518741854685
406	0.1259676951282675	0.0	0.0	0.0	0.01169988923568721
407	0.09839473792787877	1.0	-0.0030800105135949905	-0.003218069329433129	-0.0013997945931910616
408	0.1196564345983148	1.0	0.01764971706167603	0.01762394070732642	0.007651855318760337
409	0.2455210088352428	1.0	0.006456441910908915	0.006451390669205326	-0.009978532303877019
410	0.3458859858153773	1.0	-0.0006900448759642065	-0.0006943857077714072	0.013610335409063534
411	0.38678118312189547	-1.0	-0.001037950281513953	-0.001324498756520026	0.011648051240012336
412	0.32948643989733206	-1.0	0.000814675346332415	0.0008124450353671426	-0.004791925698091615
413	0.21570972971001592	-1.0	-0.0019290450308849117	-0.001931821101093845	-0.011563829610944043
414	0.1532496270000513	-1.0	0.006314917330405122	0.006314284188670329	0.003946442467421596
415	0.12873930581905535	0.0	0.0	-0.00013893516515602408	-0.006792562915180156
416	0.09756562619777302	0.0	-0.0	-0.0	0.005635930617216234
417	0.09892448108303825	0.0	0.0	0.0	0.016161668273416252
418	0.0939025807172401	0.0	0.0	0.0	-0.001584418237524976
419	0.09144072876313898	0.0	0.0	0.0	0.002396979198154181
420	0.09494447176140718	0.0	0.0	0.0	-0.004595548640170977
421	0.1174759859630788	-1.0	-0.005237233332276883	-0.005340863474615824	0.011271187194776155
422	0.16240731288335566	-1.0	0.00831735100631705	0.008303666455855035	0.0017911667548251575
423	0.22284172043457393	-1.0	-1.8123120688123655e-05	-1.96101322599097e-05	-0.000624157213091503
424	0.2329279131845161	-1.0	-0.0006603353164659834	-0.0006638196364409855	0.008836275129611826
425	0.2054165556911486	0.0	0.0	-0.00011040067355921528	-0.0019356376714373402
426	0.13461427629745867	0.0	0.0	0.0	0.002787148065356293
427	0.09022025901936798	0.0	0.0	0.0	-0.007949201604598555
428	0.15683306508380776	0.0	0.0	0.0	-0.0012851080682624305
429	0.2617520932515584	0.0	0.0	0.0	-0.0012649972997506032
430	0.24341712742935195	0.0	0.0	0.0	-0.004359258971957769
431	0.2381329970514772	0.0	0.0	0.0	0.012921249154708825
432	0.2621212639397309	0.0	0.0	0.0	0.0017727951669590514
433	0.28256381503542216	0.0	0.0	0.0	0.005757654753379748
434	0.25495922406291943	0.0	0.0	0.0	-0.0035111185091528663
435	0.21883222484175324	0.0	0.0	0.0	-0.0039062790518439305
436	0.19672928437339807	0.0	0.0	0.0	-0.002073092860288006
437	0.14804603164558122	0.0	0.0	0.0	0.000745811250824957
438	0.12932825432116712	0.0	0.0	0.0	0.0035365890047962534
439	0.09687204416089443	0.0	0.0	0.0	0.008722529021144565
440	0.07341691912484687	0.0	0.0	0.0	-0.00222738052560012
441	0.060318268604211966	-1.0	0.00503427907780299	0.004857737231773591	0.0013415471654707467
442	0.10117282830489073	-1.0	-0.0008561445721739494	-0.0008686499390222725	0.006438845522919845
443	0.12429278264590693	-1.0	0.002574884112064132	0.002559803265496138	-0.014754827521051062
444	0.08883160226976887	0.0	0.0	-0.00016135697072884345	0.007082595157549276
445	0.07416869210201853	0.0	0.0	0.0	0.005709842747752214
446	0.0711273618040821	-1.0	-0.00720325061959007	-0.0074295625731403934	0.014847403800101189
447	0.11860176201979596	-1.0	0.008583249348726306	0.00854281254017002	0.005491862685268911
448	0.14069389271837585	1.0	0.002538563548628598	0.0022198053924652084	-0.006554750898592476
449	0.153001920183959	1.0	-0.0025664689403352946	-0.002603785543802483	0.0004157884466327033
450	0.18229559959462183	1.0	0.00685153579279909	0.006839436148859606	0.0022756417379066196
451	0.1794707763870985	1.0	0.011065059366667476	0.011059275269239062	-0.0037534511943366766
452	0.16210068638619873	1.0	0.007178226342308847	0.007170894152417475	-0.007190027975370938
453	0.10943251506445066	0.0	0.0	-0.00019541554589581076	0.008136379515524483
454	0.06786971339676971	-1.0	0.008610620558488408	0.008413572031137302	0.013935625421946263
455	0.0650586361615597	-1.0	0.016835435101943762	0.016826164915812434	0.0003167233075522802
456	0.06590178686758588	1.0	8.136489405617068e-05	-0.0002880794409895611	-0.0030106116552376383
457	0.07711556594299834	1.0	0.00621277191270073	0.006205712986114879	0.0036158389430824833
458	0.1290901751928273	1.0	0.0032433855740828434	0.003239009439745315	-0.0014888337468982327
459	0.12379877688546388	0.0	0.0	-0.00017674577674709548	-0.025677883699462
460	0.08299490513922989	1.0	-0.0016928854937083735	-0.0018610364296166196	0.009760625975629766
461	0.1373972361848485	1.0	0.0036932864161093835	0.0036605979573660174	-0.019311475173124593
462	0.1990281081822453	1.0	-0.0034211391677703784	-0.0034318519179185455	0.016051767614439383
463	0.2800958229658803	1.0	-0.000645376755367571	-0.0006461162376707465	0.013898223484416938
464	0.32322966421095345	1.0	0.0010890636109669458	0.001082340456971114	0.0010087690809532646
465	0.32361608229726735	1.0	0.0035896185431207547	0.0035698242781049398	0.010853322230420792
466	0.32036265950833376	1.0	-0.003353576597001251	-0.0033565789843097984	0.003897495164625342
467	0.2931013238144235	1.0	-0.006672666978841821	-0.006684819532640464	0.007399348360373592
468	0.2808934422904945	1.0	-0.000977972477809287	-0.0009998667670317676	-0.0011135249921484514
469	0.29892082260064573	1.0	-0.00892608169382972	-0.008933864646959765	-0.00034518493235935477
470	0.2970421023965768	1.0	-0.025180067367254935	-0.025186275246771996	0.0016624551635393559
471	0.2809488448372438	1.0	-0.011883773124992267	-0.011884577934999006	0.0047110331133788375
472	0.2413939113771361	0.0	0.0	-0.00014951971463855648	-0.0005692724183511411
473	0.17033021825002068	0.0	0.0	0.0	-0.0003204020092266724
474	0.12830215932991437	0.0	0.0	0.0	-0.004415835627354592
475	0.11648126045919738	0.0	0.0	0.0	-0.0018548966445751658
476	0.10247622707438879	-1.0	0.01107722089035823	0.010925490281174418	-0.0077328394581538396
477	0.11471001651059999	-1.0	-0.00589036674892531	-0.005894373059669686	0.0012563181187927874
478	0.13522536298244625	-1.0	0.006092534466554923	0.006081846678320549	0.01135161376597904
479	0.14196553422671285	-1.0	0.0021658123903094528	0.002163716812146879	-0.02447880752512621
480	0.1552183277340836	-1.0	-0.013315427934004543	-0.013320776533154536	-0.004750214169902844
481	0.2561268703535825	-1.0	0.004598834188523806	0.004579497900270175	0.023790763506800205
482	0.26178929320110284	-1.0	0.0001455217344414725	0.00013942725741597424	-0.008080851690870694
483	0.3072808599473001	-1.0	0.007076256398000431	0.007068645500444957	-0.01306622187199813
484	0.2758864615708762	-1.0	-0.003434616241179014	-0.003441084185023579	-0.013417213930100202
485	0.26161107833173336	-1.0	-0.008261586693634023	-0.008266087262267305	0.01949596819778221
486	0.24434823020571908	0.0	-0.0	-9.958408543503569e-05	-0.005359231030161227
487	0.14289072146192483	1.0	0.009073447841462442	0.008962496975739972	0.01415464230382213
488	0.10726669854776975	1.0	-0.0013968202528708501	-0.001403534480547418	0.006030313342701321
489	0.1382942990181947	1.0	0.00501125483920895	0.004996035781716375	0.010395487004435822
490	0.2170201901243414	1.0	0.0006336072684280294	0.0006295848105464982	0.0010153984958789497
491	0.271319518584267	1.0	-0.007181430325222889	-0.007190798846824989	0.006491921301497117
492	0.31736257336167967	1.0	0.00010200349354119297	0.00010021074117314309	-0.0015696837343783798
493	0.36445351755743544	-1.0	0.0011103929879133839	0.0009399433974040108	0.00287938213053085
494	0.3541731010369075	-1.0	-0.004784556430213931	-0.004785577573301569	-0.014760539319459198
495	0.26386720134462666	-1.0	-0.0018251770078771068	-0.001825840700263133	-0.0006027039747036333
496	0.13696245363401927	-1.0	-0.0070049760314801306	-0.007013604116143993	0.007025118077311765
497	0.05132989719199901	-1.0	-0.00018054546347203836	-0.00018314819812513934	-0.007630854183940605
498	0.08275488078214543	-1.0	0.003344155465261428	0.0033364192606185183	-0.00546733601831495
499	0.1431944996304221	-1.0	0.003099118079748159	0.0030922250394316477	0.005240265846959469
500	0.16643698919045982	0.0	0.0	-9.167908485720155e-05	0.016631202604519668
501	0.18191177873615366	0.0	0.0	0.0	-0.0008680126852336212
502	0.17338332949073196	0.0	0.0	0.0	-0.0031578329337678124
503	0.10217588802379557	0.0	0.0	0.0	0.0036224990395776757
504	0.10122013286221523	0.0	0.0	0.0	0.011825201774944727
505	0.11057983843404129	0.0	0.0	0.0	0.014438226417743616
506	0.11056201816831775	0.0	0.0	0.0	-0.0009735307519511682
507	0.11278928551912584	0.0	-0.0	-0.0	0.001475232784985625
508	0.14372956589286814	0.0	0.0	0.0	0.0042206328286402695
509	0.13135823364024143	0.0	0.0	0.0	0.007719934348738189
510	0.14302794406344926	0.0	0.0	0.0	-0.00019607884876882142
511	0.14844875405504995	0.0	0.0	0.0	0.0032944868090414303
512	0.17694734656221517	0.0	0.0	0.0	-0.004087726727828533
513	0.19502704632427292	0.0	0.0	0.0	0.01109419052516647
514	0.17244146734268317	0.0	0.0	0.0	0.0036088195555097347
515	0.1607612307804082	0.0	0.0	0.0	-0.005306560094486046
516	0.13046081748841862	0.0	0.0	0.0	-0.006802319771775922
517	0.10221045676559039	0.0	0.0	0.0	0.009306055472153574
518	0.06965227537940247	0.0	0.0	0.0	-0.009210657476561801
519	0.07687786090236427	0.0	-0.0	-0.0	0.010928696540176919
520	0.09245766582161934	0.0	0.0	0.0	0.001782270924804541
521	0.08512892623606393	0.0	0.0	0.0	-0.00021489588801437698
522	0.0767381775906058	0.0	-0.0	-0.0	-0.0008455399168898481
523	0.07991006865615362	0.0	0.0	0.0	0.006762806734045723
524	0.12903181541410166	0.0	0.0	0.0	-0.007194706699326425
525	0.1600631664448989	0.0	0.0	0.0	0.002748090747253684
526	0.15865626007310057	0.0	0.0	0.0	-0.006678337608227225
527	0.1332369637599585	0.0	0.0	0.0	0.0007034637617677753
528	0.14486172073608836	0.0	0.0	0.0	0.008165456466051824
529	0.16266752849029945	0.0	0.0	0.0	0.007373341616968343
530	0.15368259545867136	0.0	0.0	0.0	-0.010435647322188157
531	0.13815540669182708	0.0	0.0	0.0	-0.00867391280271812
532	0.13267057256191028	0.0	0.0	0.0	-0.021449400664502738
533	0.14533595197986088	0.0	0.0	0.0	0.012173141406923493
534	0.1373111709523044	0.0	0.0	0.0	0.014917956876899785
535	0.1701589229995981	0.0	0.0	0.0	-0.0025300521932207776
536	0.2421071204556771	0.0	0.0	0.0	-0.008517292959364653
537	0.2714556176992369	0.0	0.0	0.0	-0.002943411456817757
538	0.2715082772853653	0.0	0.0	0.0	0.010554741756143349
539	0.18415647609731736	0.0	0.0	0.0	-0.0007838806801412357
540	0.15529586192611736	0.0	0.0	0.0	0.009911292190138532
541	0.1560745296908711	0.0	0.0	0.0	-0.0021252837802967495
542	0.17822498806093612	0.0	0.0	0.0	0.0018768165702687245
543	0.13323787308896165	0.0	-0.0	-0.0	0.0011653145418315525
544	0.061412576977454274	0.0	0.0	0.0	0.0007688818911402162
545	0.09772238160302545	0.0	0.0	0.0	-0.0004923335226864056
546	0.1296711250432762	0.0	0.0	0.0	0.0014469348384307246
547	0.17256153523718587	0.0	0.0	0.0	-0.0036287033416374515
548	0.20789466060749703	0.0	0.0	0.0	0.008834095710505974
549	0.19920002066357004	0.0	0.0	0.0	-0.0007967387044511831
550	0.19303861590006924	0.0	0.0	0.0	0.00017502486450582388
551	0.18504212338130896	0.0	0.0	0.0	-0.0018238673194856947
552	0.1808921019102729	0.0	0.0	0.0	0.004652243012262192
553	0.19449721064195477	0.0	0.0	0.0	0.0019484346695590737
554	0.17593953253731587	0.0	0.0	0.0	0.0018152018730952513
555	0.13228224159578786	0.0	0.0	0.0	-0.0020116937805257917
556	0.09962249347854045	0.0	0.0	0.0	-0.005390124612855707
557	0.09645096701320001	0.0	0.0	0.0	-0.00043571559205179966
558	0.10749952257724023	0.0	0.0	0.0	-0.013124468779900589
559	0.1826996638795125	0.0	0.0	0.0	0.014002289962720793
560	0.1966244531384995	0.0	0.0	0.0	0.005124491902218642
561	0.20162035688033245	0.0	0.0	0.0	-0.0010832833431588806
562	0.14763733719142721	1.0	0.0024922017259544913	0.0022784984306664885	0.005811249724885448
563	0.10009296835456209	1.0	0.0076921773057912575	0.007682331035580001	0.0033305973193167304
564	0.1352636630946288	1.0	0.006472025268591249	0.0064689815055819	0.0023149642620619026
565	0.16625022399543787	0.0	0.0	-0.00022322074074643866	0.00027733619326086867
566	0.10735810432805235	0.0	0.0	0.0	0.0013281596467464851
567	0.09492968281067328	-1.0	-0.003038698596807273	-0.0032632623758132497	0.0052216268542757405
568	0.09738900358186818	-1.0	-0.001832723179607026	-0.0018329243918516565	0.007500081663913916
569	0.12760297466928586	-1.0	-0.007701422938210158	-0.007709452346303659	-0.0020218560598241897
570	0.1691611410947355	-1.0	0.003762467569146972	0.003749497210639588	0.003358975310182588
571	0.20951549489795487	1.0	0.004403527653884709	0.003938323621657377	-0.008561024934316985
572	0.2494217857440871	1.0	-0.009720870821094206	-0.009723756925977097	0.011277947808795874
573	0.3006837287842654	1.0	-0.00012191507577498709	-0.00015102160812045773	0.0034511743312370946
574	0.36181461429612155	1.0	0.016289203732232086	0.0162624815498114	-0.0035168126585656267
575	0.3465507841038456	1.0	-0.00595157542669972	-0.005952435130494447	0.0011649345752446916
576	0.29646106145810186	1.0	0.0024058268517632973	0.0023792706555165475	-0.0032622408541723713
577	0.2532052671607872	1.0	0.0037516331438486494	0.0037511033936458047	-0.007538854211077806
578	0.2862263825732585	1.0	0.005258032232455793	0.005234616785359094	-0.015869512427409305
579	0.33012923834658753	1.0	-0.0006416487050298831	-0.0006500561900999287	0.015162609437855634
580	0.30383890852913975	1.0	-0.0025663846196403548	-0.0026228092360136377	0.008241819990835397
581	0.32021629308774274	1.0	-0.00023429782276232166	-0.00025947349436802045	0.0020166699583279435
582	0.30677344454322236	1.0	0.007120785578305846	0.007110961909259691	0.010145452020822843
583	0.2815649244220632	1.0	-0.00017564774396944952	-0.0001826731381772416	0.0023821998626283314
584	0.24441199030072822	1.0	0.0028982764501664484	0.0028881004333549294	-0.0047124448070912095
585	0.1963553536535041	1.0	-0.005175121523396621	-0.005176315807657782	-0.0001862618826539153
586	0.1474944303536395	1.0	0.001459353970371117	0.0014564692382306353	0.004206152980007483
587	0.10377692759189418	1.0	0.0003869222311564113	0.00038493188713289924	-0.0054060480514769305
588	0.09503101143438139	1.0	-0.002104899697344939	-0.0021055081912684345	-0.001842805614891363
589	0.09082975000043632	1.0	0.0011554422218344705	0.0011503081157058222	0.0082034265474622
590	0.09846268273929822	1.0	-0.009558381290171638	-0.009560655106622134	-0.004632387901412294
591	0.09986702124822162	1.0	0.0012212953094368547	0.0012155966718226427	0.006005446813494242
592	0.1273423346436743	1.0	6.9740598348333615e-06	-7.371165041509174e-06	0.001675266241764728
593	0.17973073220494162	1.0	6.530370173678621e-05	6.386480748784586e-05	-0.0009399082741974318
594	0.24953278024776418	1.0	0.00011375606908261781	0.0001078335753709948	0.0009926793341701323
595	0.2947065437343274	1.0	0.002276841908011504	0.00227508192174922	0.0012757437876824707
596	0.3504127992846226	-1.0	0.00021083479355613684	7.130074705050801e-05	0.004146380281677686
597	0.30649039948901374	-1.0	-0.0043828167361248125	-0.0043841481716050176	0.001607306655808216
598	0.2604969336705722	0.0	0.0	-7.572089468769582e-05	0.002620850702215849
599	0.2061395330307389	1.0	0.00023739142472021038	0.00014632762609269285	-0.00706069881494753
600	0.1745369558115835	1.0	-0.0009452616769133667	-0.0009642196523445898	-0.010748470745585936
601	0.1929470648227218	0.0	0.0	-0.00010262784658611609	0.0012566922329095842
602	0.14844420802470562	0.0	0.0	0.0	0.008141567655737925
603	0.09704628901232076	0.0	0.0	0.0	0.00852379036424833
604	0.12869105449492396	0.0	0.0	0.0	0.0014957363013194946
605	0.1479921890511821	0.0	-0.0	-0.0	0.002220118224179668
606	0.14749857786987602	0.0	0.0	0.0	-0.005824918819612557
607	0.15116767205326068	-1.0	-0.00031503690434030044	-0.000422796445736407	0.008807632480425154
608	0.1796644571278296	-1.0	-5.133949428328538e-05	-5.483020450694231e-05	0.004306570844779589
609	0.2173560909475353	-1.0	-0.0005428206958202643	-0.0005500668426416267	-0.0013491160395050494
610	0.25054957303766967	-1.0	-0.0035599452565719196	-0.003566471751384472	0.0003116886257619189
611	0.2672602706619829	1.0	-0.00017026357057709147	-0.0004193496606011522	0.002842638410522902
612	0.2605028655886528	1.0	0.0007589488075690308	0.0007251747219277338	-0.0003350311257153127
613	0.20337512840020802	1.0	-0.003307031768313151	-0.003311642596940095	-0.003395574405981705
614	0.18022664228622978	-1.0	-0.003711773977161717	-0.0038882838257684282	-0.001318566739775151
615	0.1467590544973152	0.0	0.0	-8.818241030570348e-05	-0.004605608657393345
616	0.13122760827992258	0.0	0.0	0.0	-0.007722578759925436
617	0.11866687219931732	-1.0	0.0023420233901330573	0.002225796317720913	0.0022764876184568905
618	0.11269260835922949	-1.0	0.002982106797326649	0.0029782239905464273	-0.00574663850657553
619	0.13227511082546117	0.0	0.0	-0.00011234426563192297	0.008473996979569742
620	0.13872700424449122	0.0	0.0	0.0	-0.0015511404489350067
621	0.13430761587159357	0.0	0.0	0.0	-0.009110872450405094
622	0.11620621931440202	-1.0	-0.000624046915182238	-0.0007112256168123838	-0.01697731100841482
623	0.13611948828069495	1.0	-0.00023962630223111118	-0.0004377193269073824	-0.0008123585165593639
624	0.13205941571238605	1.0	0.0013921559909904886	0.001382050351792771	0.009519611195260236
625	0.19674130735692982	1.0	0.00133035684298515	0.0013116246949809258	0.012134715784494876
626	0.29913423581266757	1.0	0.0016583703975820042	0.0016516359754784591	0.001461009046688222
627	0.2893709804215549	1.0	-0.0033488814918719114	-0.003366575075538608	-0.0027763826213396126
628	0.2181733598979597	1.0	0.0016326850702032165	0.0016283173879123704	-0.020364110556098214
629	0.13492140015104162	1.0	0.0019231490311366044	0.001916331931586668	0.0015691842194003325
630	0.07882853413567407	1.0	-0.0033896660201102186	-0.0033943532479159895	-0.011909714125195148
631	0.042623711625810655	1.0	-0.002761982889155852	-0.0027657899443420055	0.01149147763018199
632	0.06966524385557517	1.0	-0.002775828227278255	-0.0027802917790928855	-0.012985898136748442
633	0.11893600556809446	1.0	0.003071589588736591	0.0030659125889039144	0.010524514660609219
634	0.19078447244278032	1.0	0.009536952177670806	0.009528244212868272	0.004102792854185466
635	0.23885274169852824	-1.0	-0.0036423115884115795	-0.0038529844374471933	0.008298280656405366
636	0.07809908316688498	-1.0	0.0038144858606731042	0.003804119432246393	-0.0019137230947889883
637	0.10201229005393131	-1.0	0.0003753275028660966	0.0003724944156277046	-0.006865763848056816
638	0.17351363963624952	-1.0	-0.0025341137576746623	-0.002535040741659304	-0.0024167805585421087
639	0.2536221614961777	-1.0	-0.0035386634395167967	-0.0035435861884039977	0.00302251448379387
640	0.3373256363951099	-1.0	-0.0006535797325336488	-0.000655353564039301	0.01706310194558336
641	0.39764067846318146	1.0	-0.00021530362341770724	-0.0004366430056207955	0.007460210377712606
642	0.41482172694155395	1.0	0.0029110518318339815	0.0029066384800391495	0.00337476955709759
643	0.39699278358210865	0.0	0.0	-0.00010684512725275842	0.007393339551406308
644	0.30514743692449037	0.0	0.0	0.0	0.0036640298040166996
645	0.23109403856393834	0.0	0.0	0.0	0.002995871849622578
646	0.17113726170490243	0.0	0.0	0.0	-0.0010725536274130976
647	0.1298509955799587	0.0	0.0	0.0	0.004748196569493546
648	0.1333341779159114	0.0	0.0	0.0	0.0018197952535197182
649	0.18157233894522842	0.0	-0.0	-0.0	-0.005051568068462853
650	0.28771167840441	0.0	0.0	0.0	0.009829281576461124
651	0.10608763773261033	1.0	-0.0031446036511812684	-0.0032165024792481945	0.001949334719149265
652	0.14901390984377338	1.0	0.0012552091297016348	0.0012313272902437528	0.0018000771431341267
653	0.2613022318946266	1.0	0.0006523489196532451	0.0006420401556917768	0.0036803630854131963
654	0.33567375280353623	1.0	-0.002017307331561182	-0.0020275587457351937	0.006461279195357994
655	0.34652956729634876	1.0	-0.0023296787763907706	-0.0023314253016530565	0.004181942361150437
656	0.3044689211618369	1.0	-0.0024651779916415317	-0.0024665827009110203	0.003732799652949259
657	0.2733624719867536	0.0	0.0	-4.847175827707157e-05	0.0008877879113036169
658	0.2342016711587177	0.0	-0.0	-0.0	-0.003498775895770745
659	0.17706062990605204	0.0	0.0	0.0	-0.008225823395229703
660	0.12278831008731993	0.0	0.0	0.0	0.0005509400447352153
661	0.0918800812325731	0.0	0.0	0.0	0.007222656026415475
662	0.07466768281697006	0.0	-0.0	-0.0	-1.0739820344718431e-05
663	0.07660747988459982	0.0	0.0	0.0	0.003865229864862485
664	0.0767713217385283	0.0	0.0	0.0	-0.002601625374463401
665	0.0883933100032001	0.0	0.0	0.0	0.0033847802152713324
666	0.0826856575003843	0.0	0.0	0.0	-0.001398665559303236
667	0.11775076856240958	-1.0	0.0018456761913302044	0.0017967091207885034	-0.0031971365563219223
668	0.22093344326339268	-1.0	0.0031470156950994836	0.003139225006976803	0.001657132912945114
669	0.31533346629716397	-1.0	-0.004302852066583323	-0.00430831615611288	0.0022938506357221833
670	0.34246378646410436	-1.0	-0.011428769848860192	-0.011430023207258133	-0.022724822637582465
671	0.2790070228378952	-1.0	0.00115666697853379	0.0011163794039989819	0.013200199537034996
672	0.1437085312814505	0.0	0.0	-2.337559814944447e-05	-0.01896131033450521
673	0.09080650114475684	-1.0	-0.003947720153698396	-0.004100769345520158	-0.011815187417889228
674	0.07182453618650977	1.0	-0.0022117819672346304	-0.0025588195060394898	0.01419443613158311
675	0.08964218804108338	1.0	0.018818650356741073	0.018798989746584924	-0.008448563730297565
676	0.10335974534368818	-1.0	0.007650364534462535	0.007301964385468624	0.011730872577451423
677	0.057238342686477026	-1.0	0.004309748904323101	0.004288498671930061	0.020707080374404274
678	0.07969051852633373	-1.0	-0.0040551099726299136	-0.004065768534393123	0.0030852853123166657
679	0.12641196197007615	1.0	6.287297606827444e-05	-0.000237092674931462	-0.007181080169894716
680	0.18637029607799532	1.0	0.0020151857503827135	0.0020140020095031222	0.009549073338481762
681	0.2348711301264857	1.0	-0.008501356376272461	-0.008506471964530448	-0.009136167611567658
682	0.2950179586357958	1.0	-0.002856361546085668	-0.002867175784397074	-0.0074706775774360246
683	0.34756961616862597	1.0	0.009136000286475262	0.009123747742562261	0.016348464630746795
684	0.38438560250214704	1.0	-0.0040921993548334295	-0.004094107832034589	-0.008743415379980468
685	0.40241093955009005	1.0	-0.00825763629231453	-0.008265073327030255	-0.010287680637092622
686	0.40342858256231867	1.0	0.006906703219823051	0.006900140046727786	-0.01138805785140995
687	0.3923804585644435	1.0	-0.004880069384788771	-0.0048928752431362955	0.017777934551572505
688	0.3704771245152458	1.0	0.0010631117016477844	0.0010581015479746545	0.010180197220578835
689	0.3623050967372758	1.0	-0.0011662117380985876	-0.0011821390270942034	0.006223699921661829
690	0.338826842327428	1.0	0.0037886944352213217	0.003787201072159216	0.01383893524747526
691	0.3183405935991899	1.0	0.0019350215109792607	0.0019344064032355377	-0.0010101548486260992
692	0.26475295872899085	0.0	0.0	-0.00012077655136838233	0.0014018951394270118
693	0.19953900145006415	0.0	0.0	0.0	-0.0029897555945093135
694	0.16018961562260103	0.0	0.0	0.0	-0.0026261799136575448
695	0.12189654039925332	0.0	-0.0	-0.0	0.006374052530970564
696	0.14388959680147173	0.0	0.0	0.0	-0.000629621957060511
697	0.24403190075938083	0.0	0.0	0.0	-0.019392757790687165
698	0.18202718950357696	0.0	0.0	0.0	-0.0009637690162076495
699	0.14253836984890433	0.0	0.0	0.0	-0.004050216740091761
700	0.14136954779910166	0.0	0.0	0.0	-0.0014410312534549607
701	0.12627145453111158	0.0	-0.0	-0.0	0.009159984668711818
702	0.11078475178651583	0.0	-0.0	-0.0	0.002817754443029452
703	0.11928772798820717	0.0	0.0	0.0	-0.0142436152864307
704	0.12951420501677618	0.0	0.0	0.0	0.0008199802697488323
705	0.1419930523035169	0.0	0.0	0.0	-0.018387945694007368
706	0.18473651277320582	0.0	0.0	0.0	-0.009689541868338813
707	0.24120235323292807	0.0	0.0	0.0	-0.01103737849414832
708	0.18427123508173415	0.0	0.0	0.0	-0.018914821867908604
709	0.1767395777587976	0.0	0.0	0.0	0.002771738943381896
710	0.12093600455697133	0.0	0.0	0.0	-0.012171906253646725
711	0.07983191678874631	1.0	-0.0009154068679841684	-0.000941780272724412	-0.0014966358477518371
712	0.1135030727296609	1.0	-0.0001829316678444663	-0.0001887403404437566	-0.00538408875771057
713	0.27213892027439185	1.0	0.00022180770305604575	0.00021603406131346617	0.024347646888076113
714	0.3805471962847557	1.0	0.00025800858126642	0.00025605948688654876	0.018885951732779516
715	0.32862364050531967	1.0	0.00012681697028021563	8.142597047095215e-05	0.00686300355780145
716	0.23139932406697014	1.0	0.0017089118836229968	0.0017031984994041523	0.00942251544733641
717	0.16267516326427092	1.0	-0.0019824682720394407	-0.001986900233049139	-0.024391082077444004
718	0.13568534415112182	1.0	-0.0004185790231297664	-0.00042652570549796156	0.0051569298644233985
719	0.17190687133592253	1.0	-0.004287592834443409	-0.0042898254855749775	-0.0037017126347429485
720	0.18469353829394505	1.0	-0.0015968744237070728	-0.0016044259410103138	0.008401207191663262
721	0.20332296133413566	1.0	0.004311590911198994	0.004310637212723149	0.014517207887505545
722	0.21793414955298374	0.0	-0.0	-4.631754433837787e-05	-0.01811572566845976
723	0.21053904479978777	-1.0	-0.004904090756879872	-0.004941400815173292	-0.01896945434456343
724	0.19162995246149453	-1.0	0.0030276912790011584	0.0030170802790919194	-0.0038405967262932217
725	0.17908940020346292	-1.0	0.001999656797886753	0.001988239924168961	0.01576672117072042
726	0.17374906902589882	-1.0	-0.00038241528456932675	-0.0003841002444268525	0.0008812077558950637
727	0.18371797110634427	-1.0	0.005144186470577563	0.0051381077712481385	-0.021173138152195015
728	0.20832218276834416	0.0	0.0	-4.206779257949664e-05	-0.0071661613961429005
729	0.21373205569880127	0.0	0.0	0.0	-0.010142945264832837
730	0.20561554417144007	0.0	0.0	0.0	-0.018412122845487655
731	0.21188256096115887	0.0	0.0	0.0	0.014956856067329216
732	0.1975797912480083	-1.0	0.008036515151016914	0.00800563787530486	0.022372677655603468
733	0.1423637547878813	1.0	0.0021657427667788986	0.002119387327931026	-0.002442603440647617
734	0.08863939030065891	1.0	-0.00011126737659005858	-0.00014014247242879042	-0.015473503680411893
